model,condition,n,ftga,mean_rtt,unresolved_rate,repair_success_at_1,repair_success_at_2,mean_token_tax,initially_failed_n,ftga_ci_low,ftga_ci_high,mean_rtt_ci_low,mean_rtt_ci_high
gpt-5.5,baseline,120,0.8166666666666667,0.225,0.016666666666666666,0.8636363636363636,0.9090909090909091,1.2784175329521905,22,0.75,0.8833333333333333,0.13333333333333333,0.31666666666666665
gpt-5.5,contract,120,0.9833333333333333,0.016666666666666666,0,1.0,1.0,1.0164918414918416,2,0.9583333333333334,1,0,0.041666666666666664
