model,task_family,n_pairs,delta_ftga_pp,delta_ftga_pp_ci_low,delta_ftga_pp_ci_high,rtt_reduction,rtt_reduction_ci_low,rtt_reduction_ci_high,token_tax_reduction,token_tax_reduction_ci_low,token_tax_reduction_ci_high,unresolved_reduction_pp,unresolved_reduction_pp_ci_low,unresolved_reduction_pp_ci_high
gpt-5.5,editing_preservation,30,60.0,43.333333333333336,76.66666666666667,0.6333333333333333,0.4666666666666667,0.8,0.8912192493578794,0.6514470146962118,1.1377337013936941,0.0,0.0,0.0
gpt-5.5,output_language_inference,30,3.3333333333333335,0.0,10.0,0.1,0.0,0.3,0.05904761904761904,0.0,0.17714285714285713,3.3333333333333335,0.0,10.0
gpt-5.5,quote_preservation,30,0.0,0.0,0.0,0.0,0.0,0.0,0.0,0.0,0.0,0.0,0.0,0.0
gpt-5.5,script_register_locale,30,3.3333333333333335,0.0,10.0,0.1,0.0,0.3,0.09743589743589744,0.0,0.29230769230769227,3.3333333333333335,0.0,10.0
