comparison,n_pairs,ftga_improved,ftga_worsened,ftga_tied,ftga_sign_test_p,delta_ftga_pp,rtt_reduction,token_tax_reduction,unresolved_reduction_pp
generic_helpfulness_minus_baseline,120,9,0,111,0.00390625,7.5,0.14166666666666666,0.32293895757765617,2.5
content_preservation_minus_baseline,120,16,1,103,0.000274658203125,12.5,0.2,0.41392175118980784,2.5
contract_minus_baseline,120,12,1,107,0.00341796875,9.166666666666666,0.14166666666666666,0.35133958003629806,1.6666666666666667
content_preservation_minus_generic_helpfulness,120,7,1,112,0.0703125,5.0,0.058333333333333334,0.09098279361215166,0.0
contract_minus_content_preservation,120,3,7,110,0.34375,-3.3333333333333335,-0.058333333333333334,-0.0625821711535098,-0.8333333333333334
