model,condition,n,ftga,mean_rtt,unresolved_rate,repair_success_at_1,repair_success_at_2,mean_token_tax,initially_failed_n,ftga_ci_low,ftga_ci_high,mean_rtt_ci_low,mean_rtt_ci_high
gpt-4.1,baseline,120,0.7666666666666667,0.2833333333333333,0.025,0.8928571428571429,0.8928571428571429,1.4344394611380733,28,0.6916666666666667,0.8416666666666667,0.18333333333333332,0.39166666666666666
gpt-4.1,contract,120,0.9333333333333333,0.15,0.041666666666666664,0.375,0.375,1.1340651084852131,8,0.8833333333333333,0.975,0.041666666666666664,0.26666666666666666
gpt-4.1-mini,baseline,120,0.7583333333333333,0.275,0.008333333333333333,0.896551724137931,0.9655172413793104,1.4315326791342753,29,0.6833333333333333,0.8333333333333334,0.18333333333333332,0.375
gpt-4.1-mini,contract,120,0.7916666666666666,0.24166666666666667,0.016666666666666666,0.92,0.92,1.272078711365641,25,0.725,0.8666666666666667,0.15,0.3416666666666667
gpt-4.1-nano,baseline,120,0.675,0.4666666666666667,0.058333333333333334,0.7435897435897436,0.8205128205128205,1.6927525948009605,39,0.5916666666666667,0.7583333333333333,0.325,0.6166666666666667
gpt-4.1-nano,contract,120,0.7666666666666667,0.325,0.041666666666666664,0.7857142857142857,0.8214285714285714,1.3414130147646626,28,0.6916666666666667,0.8333333333333334,0.21666666666666667,0.4583333333333333
