model,condition,n,mean_first_turn_tokens,mean_total_tokens_until_stop,mean_extra_tokens_after_first,mean_total_input_tokens,mean_total_output_tokens,mean_token_tax,total_tokens_until_stop,total_extra_tokens_after_first
gpt-4.1,baseline,120,81.525,132.7,51.175,83.575,49.125,1.4344394611380733,15924,6141
gpt-4.1,contract,120,223.41666666666666,256.28333333333336,32.86666666666667,235.45,20.833333333333332,1.1340651084852131,30754,3944
gpt-4.1-mini,baseline,120,76.76666666666667,120.91666666666667,44.15,80.86666666666666,40.05,1.4315326791342753,14510,5298
gpt-4.1-mini,contract,120,227.41666666666666,293.15833333333336,65.74166666666666,264.01666666666665,29.141666666666666,1.272078711365641,35179,7889
gpt-4.1-nano,baseline,120,80.20833333333333,139.25833333333333,59.05,93.75833333333334,45.5,1.6927525948009605,16711,7086
gpt-4.1-nano,contract,120,226.85833333333332,308.09166666666664,81.23333333333333,279.5416666666667,28.55,1.3414130147646626,36971,9748
