model,condition,n,ftga,mean_rtt,unresolved_rate,repair_success_at_1,repair_success_at_2,mean_token_tax,initially_failed_n,ftga_ci_low,ftga_ci_high,mean_rtt_ci_low,mean_rtt_ci_high
gpt-5.4-mini,content_preservation,120,0.8583333333333333,0.24166666666666667,0.05,0.6470588235294118,0.6470588235294118,1.2515926681848761,17,0.7916666666666666,0.9166666666666666,0.13333333333333333,0.375
