model,condition,language_pair,n,ftga,mean_rtt,unresolved_rate,repair_success_at_1,repair_success_at_2,mean_token_tax,initially_failed_n,ftga_ci_low,ftga_ci_high,mean_rtt_ci_low,mean_rtt_ci_high
gpt-5.4-mini,baseline,ar-en,40,0.725,0.275,0,1.0,1.0,1.4579119401637846,11,0.575,0.85,0.15,0.425
gpt-5.4-mini,baseline,es-en,40,0.725,0.325,0.025,0.9090909090909091,0.9090909090909091,1.509468586312255,11,0.575,0.85,0.15,0.525
gpt-5.4-mini,baseline,hi-en,40,0.95,0.15,0.05,0.0,0.0,1.169904743638921,2,0.875,1,0,0.375
gpt-5.4-mini,contract,ar-en,40,0.9,0.2,0.05,0.5,0.5,1.1860103321340953,4,0.8,0.975,0.025,0.425
gpt-5.4-mini,contract,es-en,40,0.725,0.325,0.025,0.9090909090909091,0.9090909090909091,1.3517289891636697,11,0.6,0.875,0.15,0.525
gpt-5.4-mini,contract,hi-en,40,0.925,0.225,0.075,0.0,0.0,1.1863549425240156,3,0.85,1,0,0.45
