model,condition,n,ftga,mean_rtt,unresolved_rate,repair_success_at_1,repair_success_at_2,mean_token_tax,initially_failed_n,ftga_ci_low,ftga_ci_high,mean_rtt_ci_low,mean_rtt_ci_high
gpt-5.4-mini,baseline,120,0.8,0.25,0.025,0.875,0.875,1.37909509003832,24,0.725,0.8666666666666667,0.15,0.36666666666666664
gpt-5.4-mini,contract,120,0.85,0.25,0.05,0.6666666666666666,0.6666666666666666,1.2413647546072604,18,0.7833333333333333,0.9083333333333333,0.13333333333333333,0.39166666666666666
