condition,n,ftga,mean_rtt,unresolved_rate,repair_success_at_2,mean_token_tax,initially_failed_n
baseline,24,0.75,0.4166666666666667,0.08333333333333333,0.6666666666666666,1.579026474140181,6
contract,24,0.9583333333333334,0.125,0.041666666666666664,0.0,1.1038937409024745,1
