model,condition,n,ftga,mean_rtt,unresolved_rate,repair_success_at_1,repair_success_at_2,mean_token_tax,initially_failed_n,ftga_ci_low,ftga_ci_high,mean_rtt_ci_low,mean_rtt_ci_high
gpt-4.1-mini,baseline,60,0.8166666666666667,0.18333333333333332,0,1.0,1.0,1.2969619148266276,11,0.7,0.9,0.1,0.3
gpt-4.1-mini,contract,60,0.8666666666666667,0.13333333333333333,0,1.0,1.0,1.1589231307632306,8,0.7833333333333333,0.9333333333333333,0.06666666666666667,0.21666666666666667
