model,condition,task_family,n,ftga,mean_rtt,unresolved_rate,repair_success_at_1,repair_success_at_2,mean_token_tax,initially_failed_n,ftga_ci_low,ftga_ci_high,mean_rtt_ci_low,mean_rtt_ci_high
gpt-4.1-nano,content_preservation,editing_preservation,30,0.8,0.26666666666666666,0.03333333333333333,0.8333333333333334,0.8333333333333334,1.2135085150754579,6,0.6666666666666666,0.9333333333333333,0.06666666666666667,0.5333333333333333
gpt-4.1-nano,content_preservation,output_language_inference,30,1,0,0,,,1.0,0,1,1,0,0
gpt-4.1-nano,content_preservation,quote_preservation,30,0.7333333333333333,0.26666666666666666,0,1.0,1.0,1.330081083009255,8,0.5666666666666667,0.8666666666666667,0.13333333333333333,0.43333333333333335
gpt-4.1-nano,content_preservation,script_register_locale,30,0.6666666666666666,0.5333333333333333,0.1,0.7,0.7,1.571733776359898,10,0.4666666666666667,0.8333333333333334,0.23333333333333334,0.9
