model,condition,n,ftga,mean_rtt,unresolved_rate,repair_success_at_1,repair_success_at_2,mean_token_tax,initially_failed_n,ftga_ci_low,ftga_ci_high,mean_rtt_ci_low,mean_rtt_ci_high
gpt-4.1-nano,content_preservation,120,0.8,0.26666666666666666,0.03333333333333333,0.8333333333333334,0.8333333333333334,1.2788308436111528,24,0.7333333333333333,0.8666666666666667,0.16666666666666666,0.38333333333333336
