model,condition,task_family,n,ftga,mean_rtt,unresolved_rate,repair_success_at_1,repair_success_at_2,mean_token_tax,initially_failed_n,ftga_ci_low,ftga_ci_high,mean_rtt_ci_low,mean_rtt_ci_high
gpt-4.1-nano,generic_helpfulness,editing_preservation,15,0.6666666666666666,0.3333333333333333,0,1.0,1.0,1.4204937285956025,5,0.4,0.8666666666666667,0.13333333333333333,0.6
gpt-4.1-nano,generic_helpfulness,output_language_inference,15,1,0,0,,,1.0,0,1,1,0,0
gpt-4.1-nano,generic_helpfulness,quote_preservation,15,0.7333333333333333,0.26666666666666666,0,1.0,1.0,1.3199883532652412,4,0.4666666666666667,0.9333333333333333,0.06666666666666667,0.5333333333333333
gpt-4.1-nano,generic_helpfulness,script_register_locale,15,0.5333333333333333,1,0.26666666666666666,0.42857142857142855,0.42857142857142855,1.9733944183405117,7,0.26666666666666666,0.8,0.3333333333333333,1.6666666666666667
