model,condition,task_family,n,ftga,mean_rtt,unresolved_rate,repair_success_at_1,repair_success_at_2,mean_token_tax,initially_failed_n,ftga_ci_low,ftga_ci_high,mean_rtt_ci_low,mean_rtt_ci_high
gpt-4.1-nano,baseline,editing_preservation,6,0.3333333333333333,0.6666666666666666,0,1.0,1.0,2.0656507690677093,4,0,0.6666666666666666,0.3333333333333333,1
gpt-4.1-nano,baseline,output_language_inference,6,1,0,0,,,1.0,0,1,1,0,0
gpt-4.1-nano,baseline,quote_preservation,6,0.8333333333333334,0.16666666666666666,0,1.0,1.0,1.2432432432432432,1,0.5,1,0,0.5
gpt-4.1-nano,baseline,script_register_locale,6,0.6666666666666666,0.6666666666666666,0.16666666666666666,0.5,0.5,1.8468353352074283,2,0.3333333333333333,1,0,1.6666666666666667
gpt-4.1-nano,contract,editing_preservation,6,0.6666666666666666,0.3333333333333333,0,1.0,1.0,1.3941248770894787,2,0.3333333333333333,1,0,0.6666666666666666
gpt-4.1-nano,contract,output_language_inference,6,1,0,0,,,1.0,0,1,1,0,0
gpt-4.1-nano,contract,quote_preservation,6,1,0,0,,,1.0,0,1,1,0,0
gpt-4.1-nano,contract,script_register_locale,6,0.6666666666666666,0.6666666666666666,0.16666666666666666,0.5,0.5,1.6111537805086191,2,0.3333333333333333,1,0,1.6666666666666667
