model,condition,n,pass_agreement,pass_kappa,pass_human_pass_rate,pass_auto_pass_rate,language_agreement,language_kappa,language_human_pass_rate,language_auto_pass_rate,script_agreement,script_kappa,script_human_pass_rate,script_auto_pass_rate,preservation_agreement,preservation_kappa,preservation_human_pass_rate,preservation_auto_pass_rate,task_agreement,task_kappa,task_human_pass_rate,task_auto_pass_rate,register_locale_agreement,register_locale_kappa,register_locale_human_pass_rate,register_locale_auto_pass_rate
gpt-4.1,baseline,12,1.0,1.0,0.8333333333333334,0.8333333333333334,1.0,1.0,0.8333333333333334,0.8333333333333334,1.0,1.0,0.9166666666666666,0.9166666666666666,1.0,1.0,1.0,1.0,1.0,1.0,0.9166666666666666,0.9166666666666666,1.0,1.0,1.0,1.0
gpt-4.1,contract,12,1.0,1.0,1.0,1.0,1.0,1.0,1.0,1.0,1.0,1.0,1.0,1.0,1.0,1.0,1.0,1.0,1.0,1.0,1.0,1.0,1.0,1.0,1.0,1.0
gpt-4.1-mini,baseline,12,1.0,1.0,0.8333333333333334,0.8333333333333334,1.0,1.0,0.8333333333333334,0.8333333333333334,1.0,1.0,0.9166666666666666,0.9166666666666666,1.0,1.0,1.0,1.0,1.0,1.0,0.8333333333333334,0.8333333333333334,1.0,1.0,1.0,1.0
gpt-4.1-mini,contract,12,1.0,1.0,0.9166666666666666,0.9166666666666666,1.0,1.0,0.9166666666666666,0.9166666666666666,1.0,1.0,1.0,1.0,1.0,1.0,1.0,1.0,1.0,1.0,0.9166666666666666,0.9166666666666666,1.0,1.0,1.0,1.0
gpt-4.1-nano,baseline,12,1.0,1.0,0.6666666666666666,0.6666666666666666,1.0,1.0,0.8333333333333334,0.8333333333333334,1.0,1.0,0.9166666666666666,0.9166666666666666,1.0,1.0,0.8333333333333334,0.8333333333333334,1.0,1.0,0.6666666666666666,0.6666666666666666,1.0,1.0,1.0,1.0
gpt-4.1-nano,contract,12,1.0,1.0,0.8333333333333334,0.8333333333333334,1.0,1.0,0.9166666666666666,0.9166666666666666,1.0,1.0,1.0,1.0,1.0,1.0,0.9166666666666666,0.9166666666666666,1.0,1.0,0.8333333333333334,0.8333333333333334,1.0,1.0,1.0,1.0
