model,condition,n,ftga,mean_rtt,mean_token_tax,unresolved_rate,initially_failed_n
gpt-4.1-nano,baseline,120,0.675,0.4666666666666667,1.6927525948009605,0.058333333333333334,39
gpt-4.1-nano,generic_helpfulness,120,0.75,0.325,1.3698136372233045,0.03333333333333333,30
gpt-4.1-nano,contract,120,0.7666666666666667,0.325,1.3414130147646626,0.041666666666666664,28
