model,condition,task_family,n,ftga,mean_rtt,unresolved_rate,repair_success_at_1,repair_success_at_2,mean_token_tax,initially_failed_n,ftga_ci_low,ftga_ci_high,mean_rtt_ci_low,mean_rtt_ci_high
gpt-4.1-nano,generic_helpfulness,editing_preservation,30,0.6333333333333333,0.36666666666666664,0,1.0,1.0,1.4662036804959524,11,0.4666666666666667,0.8,0.2,0.5333333333333333
gpt-4.1-nano,generic_helpfulness,output_language_inference,30,1,0,0,,,1.0,0,1,1,0,0
gpt-4.1-nano,generic_helpfulness,quote_preservation,30,0.7,0.3,0,1.0,1.0,1.3594176084284497,9,0.5333333333333333,0.8333333333333334,0.16666666666666666,0.4666666666666667
gpt-4.1-nano,generic_helpfulness,script_register_locale,30,0.6666666666666666,0.6333333333333333,0.13333333333333333,0.5,0.6,1.6536332599688155,10,0.5,0.8333333333333334,0.3,1.0333333333333334
